code,description
32731/,Cement manufacturing
5223//,Activities related to credit intermediation
5613//,Employment services
562119,Other waste collection
333295,Semiconductor machinery manufacturing
611519,Other technical and trade schools
53113/,Lessors of miniwarehouses and self-storage units
5612//,Facilities support services
454312,Liquefied petroleum gas (bottled gas) dealers
332612,Spring (light gauge) manufacturing
236115,New single-family housing construction (except operative builders)
5259//,Other investment pools and funds
327124,Clay refractory manufacturing
3342//,Communications equipment manufacturing
321912,"Cut stock, resawing lumber, and planing"
561431,Private mail centers
44121/,Recreational vehicle dealers
49312/,Refrigerated warehousing and storage
33311/,Agricultural implement manufacturing
56162/,Security systems services
454112,Electronic auctions
52----,Finance and insurance
322213,Setup paperboard box manufacturing
562///,Waste management and remediation services
62142/,Outpatient mental health and substance abuse centers
323116,Manifold business forms printing
321992,Prefabricated wood building manufacturing
324199,All other petroleum and coal products manufacturing
532412,"Construction, mining, and forestry machinery and equipment rental and leasing"
32222/,Paper bag and coated and treated paper manufacturing
44811/,Men's clothing stores
332313,Plate work manufacturing
621492,Kidney dialysis centers
5619//,Other support services
42331/,"Lumber, plywood, millwork, and wood panel merchant wholesalers"
6242//,"Community food and housing, and emergency and other relief services"
812111,Barber shops
56191/,Packaging and labeling services
21239/,Other nonmetallic mineral mining and quarrying
481212,Nonscheduled chartered freight air transportation
1133//,Logging
42442/,Packaged frozen food merchant wholesalers
1153//,Support activities for forestry
531311,Residential property managers
332813,"Electroplating, plating, polishing, anodizing, and coloring"
339991,"Gasket, packing, and sealing device manufacturing"
325998,All other miscellaneous chemical product and preparation manufacturing
62199/,All other ambulatory health care services
21221/,Iron ore mining
321214,Truss manufacturing
42394/,"Jewelry, watch, precious stone, and precious metal merchant wholesalers"
42399/,Other miscellaneous durable goods merchant wholesalers
81231/,Coin-operated laundries and drycleaners
313111,Yarn spinning mills
42499/,Other miscellaneous nondurable goods merchant wholesalers
3219//,Other wood product manufacturing
314999,All other miscellaneous textile product mills
333923,"Overhead traveling crane, hoist, and monorail system manufacturing"
325131,Inorganic dye and pigment manufacturing
487///,Scenic and sightseeing transportation
212113,Anthracite mining
333411,Air purification equipment manufacturing
322226,Surface-coated paperboard manufacturing
541711,Research and development in biotechnology
42384/,Industrial supplies merchant wholesalers
212321,Construction sand and gravel mining
52591/,Open-end investment funds
8112//,Electronic and precision equipment repair and maintenance
52212/,Savings institutions
56131/,Employment placement agencies and executive search services
454311,Heating oil dealers
51113/,Book publishers
54171/,"Research and development in the physical, engineering, and life sciences"
52391/,Miscellaneous intermediation
42491/,Farm supplies merchant wholesalers
3254//,Pharmaceutical and medicine manufacturing
332991,Ball and roller bearing manufacturing
311612,Meat processed from carcasses
62149/,Other outpatient care centers
484122,"General freight trucking, long-distance, less than truckload"
481111,Scheduled passenger air transportation
212393,Other chemical and fertilizer mineral mining
2381//,"Foundation, structure, and building exterior contractors"
44229/,Other home furnishings stores
3116//,Animal slaughtering and processing
31221/,Tobacco stemming and redrying
326212,Tire retreading
115113,"Crop harvesting, primarily by machine"
811112,Automotive exhaust system repair
339113,Surgical appliance and supplies manufacturing
45111/,Sporting goods stores
44814/,Family clothing stores
313221,Narrow fabric mills
621511,Medical laboratories
72111/,Hotels (except casino hotels) and motels
311711,Seafood canning
518///,"Data processing, hosting and related services"
23816/,Roofing contractors
442299,All other home furnishings stores
21232/,"Sand, gravel, clay, and ceramic and refractory minerals mining and quarrying"
339992,Musical instrument manufacturing
541511,Custom computer programming services
48841/,Motor vehicle towing
315225,Men's and boys' cut and sew work clothing manufacturing
519///,Other information services
23821/,Electrical contractors and other wiring installation contractors
48839/,Other support activities for water transportation
561312,Executive search services
3336//,"Engine, turbine, and power transmission equipment manufacturing"
42373/,Warm air heating and air-conditioning equipment and supplies merchant wholesalers
315119,Other hosiery and sock mills
53221/,Consumer electronics and appliances rental
2372//,Land subdivision
315212,"Women's, girls', and infants' cut and sew apparel contractors"
332112,Nonferrous forging
6241//,Individual and family services
42385/,Service establishment equipment and supplies merchant wholesalers
315228,Men's and boys' cut and sew other outerwear manufacturing
4853//,Taxi and limousine service
5151//,Radio and television broadcasting
711211,Sports teams and clubs
23815/,Glass and glazing contractors
339112,Surgical and medical instrument manufacturing
326199,All other plastics product manufacturing
42383/,Industrial machinery and equipment merchant wholesalers
523991,"Trust, fiduciary, and custody activities"
333112,Lawn and garden tractor and home lawn and garden equipment manufacturing
3359//,Other electrical equipment and component manufacturing
31523/,Women's and girls' cut and sew apparel manufacturing
22132/,Sewage treatment facilities
332439,Other metal container manufacturing
32531/,Fertilizer manufacturing
33999/,All other miscellaneous manufacturing
332812,"Metal coating, engraving (except jewelry and silverware), and allied services to manufacturers"
4529//,Other general merchandise stores
71212/,Historical sites
212322,Industrial sand mining
32223/,Stationery product manufacturing
332111,Iron and steel forging
45322/,"Gift, novelty, and souvenir stores"
56159/,Other travel arrangement and reservation services
212392,Phosphate rock mining
334612,"Prerecorded compact disc (except software), tape, and record reproducing"
813319,Other social advocacy organizations
51512/,Television broadcasting
813///,"Religious, grantmaking, civic, professional, and similar organizations"
332913,Plumbing fixture fitting and trim manufacturing
561621,Security systems services (except locksmiths)
42311/,Automobile and other motor vehicle merchant wholesalers
23819/,"Other foundation, structure, and building exterior contractors"
3271//,Clay product and refractory manufacturing
31132/,Chocolate and confectionery manufacturing from cacao beans
2121//,Coal mining
524///,Insurance carriers and related activities
331512,Steel investment foundries
483212,Inland water passenger transportation
327992,Ground or treated mineral and earth manufacturing
3118//,Bakeries and tortilla manufacturing
32519/,Other basic organic chemical manufacturing
52429/,Other insurance related activities
322221,Coated and laminated packaging paper manufacturing
4236//,Electrical and electronic goods merchant wholesalers
562212,Solid waste landfill
334513,"Instruments and related products manufacturing for measuring, displaying, and controlling industrial process variables"
332722,"Bolt, nut, screw, rivet, and washer manufacturing"
3133//,Textile and fabric finishing and fabric coating mills
524291,Claims adjusting
3322//,Cutlery and handtool manufacturing
316999,All other leather good and allied product manufacturing
336411,Aircraft manufacturing
71112/,Dance companies
236116,New multifamily housing construction (except operative builders)
454113,Mail-order houses
33341/,HVAC and commercial refrigeration equipment
524127,Direct title insurance carriers
332998,Enameled iron and metal sanitary ware manufacturing
5324//,Commercial and industrial machinery and equipment rental and leasing
54143/,Graphic design services
6117//,Educational support services
32221/,Paperboard container manufacturing
561439,Other business service centers (including copy shops)
32733/,"Concrete pipe, brick, and block manufacturing"
236118,Residential remodelers
236117,New housing operative builders
6112//,Junior colleges
325613,Surface active agent manufacturing
81119/,Other automotive repair and maintenance
4246//,Chemical and allied products merchant wholesalers
483113,Coastal and great lakes freight transportation
213114,Support activities for metal mining
31194/,Seasoning and dressing manufacturing
4869//,Other pipeline transportation
4922//,Local messengers and local delivery
4249//,Miscellaneous nondurable goods merchant wholesalers
61162/,Sports and recreation instruction
452111,Department stores (except discount department stores)
7212//,RV (recreational vehicle) parks and recreational camps
51222/,Integrated record production/distribution
321114,Wood preservation
334519,Other measuring and controlling device manufacturing
311212,Rice milling
561613,Armored car services
3161//,Leather and hide tanning and finishing
32561/,Soap and cleaning compound manufacturing
31131/,Sugar manufacturing
327215,Glass product manufacturing made of purchased glass
321212,Softwood veneer and plywood manufacturing
81222/,Cemeteries and crematories
311811,Retail bakeries
532///,Rental and leasing services
334516,Analytical laboratory instrument manufacturing
42392/,Toy and hobby goods and supplies merchant wholesalers
2212//,Natural gas distribution
33592/,Communication and energy wire and cable manufacturing
812922,One-hour photofinishing
31332/,Fabric coating mills
32613/,"Laminated plastics plate, sheet (except packaging), and shape manufacturing"
71132/,"Promoters of performing arts, sports, and similar events without facilities"
32741/,Lime manufacturing
315239,Women's and girls' cut and sew other outerwear manufacturing
23832/,Painting and wall covering contractors
33632/,Motor vehicle electrical and electronic equipment manufacturing
42351/,Metal service centers and other metal merchant wholesalers
311513,Cheese manufacturing
56292/,Materials recovery facilities
335312,Motor and generator manufacturing
334416,"Electronic coil, transformer, and other inductor manufacturing"
315192,Underwear and nightwear knitting mills
333319,Other commercial and service industry machinery manufacturing
22----,Utilities
322///,Paper manufacturing
81233/,Linen and uniform supply
8114//,Personal and household goods repair and maintenance
32518/,Other basic inorganic chemical manufacturing
337212,Custom architectural woodwork and millwork manufacturing
339931,Doll and stuffed toy manufacturing
33422/,Radio and television broadcasting and wireless communications equipment manufacturing
62191/,Ambulance services
115114,Postharvest crop activities (except cotton ginning)
485991,Special needs transportation
5321//,Automotive equipment rental and leasing
453///,Miscellaneous store retailers
31211/,Soft drink and ice manufacturing
32739/,Other concrete product manufacturing
322214,"Fiber can, tube, drum, and similar products manufacturing"
532299,All other consumer goods rental
21223/,"Copper, nickel, lead, and zinc mining"
3152//,Cut and sew apparel manufacturing
54184/,Media representatives
311221,Wet corn milling
31199/,All other food manufacturing
312112,Bottled water manufacturing
51511/,Radio broadcasting
44313/,Camera and photographic supplies stores
611699,All other miscellaneous schools and instruction
32799/,All other nonmetallic mineral product manufacturing
481211,Nonscheduled chartered passenger air transportation
56----,Administrative and support and waste management and remediation services
335224,Household laundry equipment manufacturing
32513/,Synthetic dye and pigment manufacturing
336211,Motor vehicle body manufacturing
522293,International trade financing
314912,Canvas and related product mills
325312,Phosphatic fertilizer manufacturing
42362/,"Electrical and electronic appliance, television, and radio set merchant wholesalers"
3256//,"Soap, cleaning compound, and toilet preparation manufacturing"
333995,Fluid power cylinder and actuator manufacturing
325413,In-vitro diagnostic substance manufacturing
54141/,Interior design services
811///,Repair and maintenance
5242//,"Agencies, brokerages, and other insurance related activities"
72119/,Other traveler accommodation
23812/,Structural steel and precast concrete contractors
311512,Creamery butter manufacturing
6221//,General medical and surgical hospitals
322212,Folding paperboard box manufacturing
515111,Radio networks
333414,Heating equipment (except warm air furnaces) manufacturing
511199,All other publishers
315992,Glove and mitten manufacturing
532291,Home health equipment rental
45113/,"Sewing, needlework, and piece goods stores"
32611/,Plastics packaging materials and unlaminated film and sheet manufacturing
334611,Software reproducing
3115//,Dairy product manufacturing
813219,Other grantmaking and giving services
22111/,Electric power generation
4422//,Home furnishings stores
3251//,Basic chemical manufacturing
541519,Other computer related services
711///,"Performing arts, spectator sports, and related industries"
54161/,Management consulting services
32732/,Ready-mix concrete manufacturing
62131/,Offices of chiropractors
811111,General automotive repair
5112//,Software publishers
4542//,Vending machine operators
44613/,Optical goods stores
316993,Personal leather good (except women's handbag and purse) manufacturing
811412,Appliance repair and maintenance
722213,Snack and nonalcoholic beverage bars
512132,Drive-in motion picture theaters
44312/,Computer and software stores
32711/,"Pottery, ceramics, and plumbing fixture manufacturing"
3252//,"Resin, synthetic rubber, and artificial synthetic fibers and filaments manufacturing"
221119,Other electric power generation
5231//,Securities and commodity contracts intermediation and brokerage
483114,Coastal and great lakes passenger transportation
722211,Limited-service restaurants
331423,"Secondary smelting, refining, and alloying of copper"
4854//,School and employee bus transportation
334419,Other electronic component manufacturing
2373//,"Highway, street, and bridge construction"
311999,All other miscellaneous food manufacturing
551112,Offices of other holding companies
4483//,"Jewelry, luggage, and leather goods stores"
315234,"Women's and girls' cut and sew suit, coat, tailored jacket, and skirt manufacturing"
23817/,Siding contractors
56173/,Landscaping services
331525,Copper foundries (except die-casting)
81293/,Parking lots and garages
3353//,Electrical equipment manufacturing
812331,Linen supply
42391/,Sporting and recreational goods and supplies merchant wholesalers
3372//,Office furniture (including fixtures) manufacturing
315991,"Hat, cap, and millinery manufacturing"
45399/,All other miscellaneous store retailers
315299,All other cut and sew apparel manufacturing
316213,Men's footwear (except athletic) manufacturing
325199,All other basic organic chemical manufacturing
81391/,Business associations
334518,"Watch, clock, and part manufacturing"
524114,Direct health and medical insurance carriers
6115//,Technical and trade schools
321911,Wood window and door manufacturing
31122/,Starch and vegetable fats and oils manufacturing
3111//,Animal food manufacturing
335129,Other lighting equipment manufacturing
333612,"Speed changer, industrial high-speed drive, and gear manufacturing"
333415,Air-conditioning and warm air heating equipment and commercial and industrial refrigeration equipment manufacturing
44612/,"Cosmetics, beauty supplies, and perfume stores"
3149//,Other textile product mills
8111//,Automotive repair and maintenance
45321/,Office supplies and stationery stores
532111,Passenger car rental
492///,Couriers and messengers
213115,Support activities for nonmetallic minerals (except fuels) mining
454///,Nonstore retailers
44522/,Fish and seafood markets
33313/,Mining and oil and gas field machinery manufacturing
5171//,Wired telecommunications carriers
32411/,Petroleum refineries
333511,Industrial mold manufacturing
325191,Gum and wood chemical manufacturing
32521/,Resin and synthetic rubber manufacturing
32192/,Wood container and pallet manufacturing
32212/,Paper mills
524128,"Other direct insurance (except life, health, and medical) carriers"
52229/,Other nondepository credit intermediation
333518,Other metalworking machinery manufacturing
331522,Nonferrous (except aluminum) die-casting foundries
71131/,"Promoters of performing arts, sports, and similar events with facilities"
51229/,Other sound recording industries
339914,Costume jewelry and novelty manufacturing
4232//,Furniture and home furnishing merchant wholesalers
339932,"Game, toy, and children's vehicle manufacturing"
333132,Oil and gas field machinery and equipment manufacturing
42372/,Plumbing and heating equipment and supplies (hydronics) merchant wholesalers
488991,Packing and crating
323111,Commercial gravure printing
4531//,Florists
56132/,Temporary help services
488111,Air traffic control
54192/,Photographic services
54193/,Translation and interpretation services
326211,Tire manufacturing (except retreading)
335221,Household cooking appliance manufacturing
316///,Leather and allied product manufacturing
44411/,Home centers
336214,Travel trailer and camper manufacturing
56143/,Business service centers
331319,Other aluminum rolling and drawing
561421,Telephone answering services
561611,Investigation services
44111/,New car dealers
53242/,Office machinery and equipment rental and leasing
6116//,Other schools and instruction
42443/,Dairy product (except dried or canned) merchant wholesalers
5415//,Computer systems design and related services
314129,Other household textile product mills
311812,Commercial bakeries
33243/,"Metal can, box, and other metal container (light gauge) manufacturing"
335211,Electric housewares and household fan manufacturing
48832/,Marine cargo handling
333992,Welding and soldering equipment manufacturing
311///,Food manufacturing
23839/,Other building finishing contractors
56141/,Document preparation services
323///,Printing and related support activities
48423/,"Specialized freight (except used goods) trucking, long-distance"
53249/,Other commercial and industrial machinery and equipment rental and leasing
334412,Bare printed circuit board manufacturing
311514,"Dry, condensed, and evaporated dairy product manufacturing"
333997,Scale and balance manufacturing
327122,Ceramic wall and floor tile manufacturing
56161/,"Investigation, guard, and armored car services"
54172/,Research and development in the social sciences and humanities
321999,All other miscellaneous wood product manufacturing
33231/,Plate work and fabricated structural product manufacturing
212391,"Potash, soda, and borate mineral mining"
5172//,Wireless telecommunications carriers (except satellite)
336414,Guided missile and space vehicle manufacturing
44813/,Children's and infants' clothing stores
221121,Electric bulk power transmission and control
336///,Transportation equipment manufacturing
32619/,Other plastics product manufacturing
561599,All other travel arrangement and reservation services
445292,Confectionery and nut stores
483111,Deep sea freight transportation
31322/,Narrow fabric mills and schiffli machine embroidery
562998,All other miscellaneous waste management services
32621/,Tire manufacturing
71113/,Musical groups and artists
8133//,Social advocacy organizations
32615/,Urethane and other foam product (except polystyrene) manufacturing
811211,Consumer electronics repair and maintenance
333994,Industrial process furnace and oven manufacturing
331///,Primary metal manufacturing
51114/,Directory and mailing list publishers
212291,Uranium-radium-vanadium ore mining
42433/,"Women's, children's, and infants' clothing and accessories merchant wholesalers"
332211,Cutlery and flatware (except precious) manufacturing
333991,Power-driven handtool manufacturing
332322,Sheet metal work manufacturing
72231/,Food service contractors
331421,"Copper rolling, drawing, and extruding"
54135/,Building inspection services
322223,Coated paper bag and pouch manufacturing
3279//,Other nonmetallic mineral product manufacturing
531///,Real estate
562112,Hazardous waste collection
315224,"Men's and boys' cut and sew trouser, slack, and jean manufacturing"
31142/,"Fruit and vegetable canning, pickling, and drying"
623311,Continuing care retirement communities
53223/,Video tape and disc rental
23712/,Oil and gas pipeline and related structures construction
22131/,Water supply and irrigation systems
4811//,Scheduled air transportation
3272//,Glass and glass product manufacturing
325132,Synthetic organic dye and pigment manufacturing
441///,Motor vehicle and parts dealers
45393/,Manufactured (mobile) home dealers
333996,Fluid power pump and motor manufacturing
811122,Automotive glass replacement shops
485///,Transit and ground passenger transportation
3151//,Apparel knitting mills
32199/,All other wood product manufacturing
332114,Custom roll forming
4832//,Inland water transportation
335931,Current-carrying wiring device manufacturing
3212//,"Veneer, plywood, and engineered wood product manufacturing"
33591/,Battery manufacturing
331314,Secondary smelting and alloying of aluminum
3114//,Fruit and vegetable preserving and specialty food manufacturing
23899/,All other specialty trade contractors
561499,All other business support services
3162//,Footwear manufacturing
3315//,Foundries
31121/,Flour milling and malt manufacturing
42446/,Fish and seafood merchant wholesalers
323110,Commercial lithographic printing
81112/,"Automotive body, paint, interior, and glass repair"
6223//,Specialty (except psychiatric and substance abuse) hospitals
445///,Food and beverage stores
335314,Relay and industrial control manufacturing
562219,Other nonhazardous waste treatment and disposal
812921,Photofinishing laboratories (except one-hour)
512191,Teleproduction and other postproduction services
611513,Apprenticeship training
621111,Offices of physicians (except mental health specialists)
337122,Nonupholstered wood household furniture manufacturing
322211,Corrugated and solid fiber box manufacturing
6113//,"Colleges, universities, and professional schools"
48849/,Other support activities for road transportation
524126,Direct property and casualty insurance carriers
81292/,Photofinishing
3132//,Fabric mills
335929,Other communication and energy wire manufacturing
42432/,Men's and boys' clothing and furnishings merchant wholesalers
335912,Primary battery manufacturing
33994/,Office supplies (except paper) manufacturing
711219,Other spectator sports
5615//,Travel arrangement and reservation services
2379//,Other heavy and civil engineering construction
326299,All other rubber product manufacturing
81291/,Pet care (except veterinary) services
3341//,Computer and peripheral equipment manufacturing
3325//,Hardware manufacturing
42482/,Wine and distilled alcoholic beverage merchant wholesalers
212399,All other nonmetallic mineral mining
42447/,Meat and meat product merchant wholesalers
312229,Other tobacco product manufacturing
4244//,Grocery and related product merchant wholesalers
62322/,Residential mental health and substance abuse facilities
4411//,Automobile dealers
31183/,Tortilla manufacturing
1131//,Timber tract operations
48833/,Navigational services to shipping
115112,"Soil preparation, planting, and cultivating"
4879//,"Scenic and sightseeing transportation, other"
311311,Sugarcane mills
336213,Motor home manufacturing
4855//,Charter bus industry
624///,Social assistance
42369/,Other electronic parts and equipment merchant wholesalers
2382//,Building equipment contractors
521///,Monetary authorities- central bank
54162/,Environmental consulting services
4234//,Professional and commercial equipment and supplies merchant wholesalers
812191,Diet and weight reducing centers
322232,Envelope manufacturing
42341/,Photographic equipment and supplies merchant wholesalers
333292,Textile machinery manufacturing
4242//,Drugs and druggists' sundries merchant wholesalers
3262//,Rubber product manufacturing
315221,Men's and boys' cut and sew underwear and nightwear manufacturing
53222/,Formal wear and costume rental
336991,"Motorcycle, bicycle, and parts manufacturing"
5239//,Other financial investment activities
54133/,Engineering services
53211/,Passenger car rental and leasing
333921,Elevator and moving stairway manufacturing
32522/,Artificial and synthetic fibers and filaments manufacturing
4233//,Lumber and other construction materials merchant wholesalers
71395/,Bowling centers
33299/,All other fabricated metal product manufacturing
6243//,Vocational rehabilitation services
4453//,"Beer, wine, and liquor stores"
562991,Septic tank and related services
326113,Unlaminated plastics film and sheet (except packaging) manufacturing
32532/,Pesticide and other agricultural chemical manufacturing
325414,Biological product (except diagnostic) manufacturing
33142/,"Copper rolling, drawing, extruding, and alloying"
323113,Commercial screen printing
42431/,"Piece goods, notions, and other dry goods merchant wholesalers"
331419,Primary smelting and refining of nonferrous metal (except copper and aluminum)
62423/,Emergency and other relief services
334411,Electron tube manufacturing
333///,Machinery manufacturing
332611,Spring (heavy gauge) manufacturing
3331//,"Agriculture, construction, and mining machinery manufacturing"
5323//,General rental centers
5411//,Legal services
53112/,Lessors of nonresidential buildings (except miniwarehouses)
56144/,Collection agencies
325212,Synthetic rubber manufacturing
44221/,Floor covering stores
33522/,Major appliance manufacturing
51212/,Motion picture and video distribution
621493,Freestanding ambulatory surgical and emergency centers
3312//,Steel product manufacturing from purchased steel
441229,All other motor vehicle dealers
322122,Newsprint mills
212221,Gold ore mining
315///,Apparel manufacturing
333315,Photographic and photocopying equipment manufacturing
334515,Instrument manufacturing for measuring and testing electricity and electrical signals
52213/,Credit unions
44711/,Gasoline stations with convenience stores
311942,Spice and extract manufacturing
335228,Other major household appliance manufacturing
33636/,Motor vehicle seating and interior trim manufacturing
212112,Bituminous coal underground mining
488999,All other support activities for transportation
5232//,Securities and commodity exchanges
31412/,Curtain and linen mills
335932,Noncurrent-carrying wiring device manufacturing
334517,Irradiation apparatus manufacturing
4412//,Other motor vehicle dealers
3141//,Textile furnishings mills
52393/,Investment advice
335921,Fiber optic cable manufacturing
31193/,Flavoring syrup and concentrate manufacturing
311615,Poultry processing
311411,"Frozen fruit, juice, and vegetable manufacturing"
42393/,Recyclable material merchant wholesalers
81392/,Professional organizations
541219,Other accounting services
321213,Engineered wood member (except truss) manufacturing
481112,Scheduled freight air transportation
44511/,Supermarkets and other grocery (except convenience) stores
72232/,Caterers
212111,Bituminous coal and lignite surface mining
3324//,"Boiler, tank, and shipping container manufacturing"
54199/,"All other professional, scientific, and technical services"
31324/,Knit fabric mills
56133/,Professional employer organizations
31323/,Nonwoven fabric mills
5418//,"Advertising, public relations, and related services"
323114,Quick printing
31192/,Coffee and tea manufacturing
332116,Metal stamping
4442//,Lawn and garden equipment and supplies stores
3113//,Sugar and confectionery product manufacturing
3321//,Forging and stamping
52399/,All other financial investment activities
311613,Rendering and meat byproduct processing
44619/,Other health and personal care stores
33121/,Iron and steel pipe and tube manufacturing from purchased steel
4247//,Petroleum and petroleum products merchant wholesalers
6213//,Offices of other health practitioners
31134/,Nonchocolate confectionery manufacturing
322291,Sanitary paper product manufacturing
42342/,Office equipment merchant wholesalers
333913,Measuring and dispensing pump manufacturing
3274//,Lime and gypsum product manufacturing
4521//,Department stores
23829/,Other building equipment contractors
56149/,Other business support services
48691/,Pipeline transportation of refined petroleum products
51211/,Motion picture and video production
33399/,All other general purpose machinery manufacturing
5629//,Remediation and other waste management services
6239//,Other residential care facilities
551111,Offices of bank holding companies
721199,All other traveler accommodation
332213,Saw blade and handsaw manufacturing
51913/,Internet publishing and broadcasting and web search portals
813312,"Environment, conservation and wildlife organizations"
4859//,Other transit and ground passenger transportation
33712/,Household and institutional furniture manufacturing
6233//,Community care facilities for the elderly
7139//,Other amusement and recreation industries
42----,Wholesale trade
71392/,Skiing facilities
327111,Vitreous china plumbing fixture and china and earthenware bathroom accessories manufacturing
44413/,Hardware stores
44512/,Convenience stores
48422/,"Specialized freight (except used goods) trucking, local"
336419,Other guided missile and space vehicle parts and auxiliary equipment manufacturing
325314,Fertilizer (mixing only) manufacturing
33995/,Sign manufacturing
3346//,Manufacturing and reproducing magnetic and optical media
61161/,Fine arts schools
4882//,Support activities for rail transportation
54136/,Geophysical surveying and mapping services
336612,Boat building
445291,Baked goods stores
81149/,Other personal and household goods repair and maintenance
33242/,Metal tank (heavy gauge) manufacturing
62419/,Other individual and family services
334510,Electromedical and electrotherapeutic apparatus manufacturing
23835/,Finish carpentry contractors
54186/,Direct mail advertising
523999,Miscellaneous financial investment activities
333313,Office machinery manufacturing
33151/,Ferrous metal foundries
33634/,Motor vehicle brake system manufacturing
541211,Offices of certified public accountants
335991,Carbon and graphite product manufacturing
331316,Aluminum extruded product manufacturing
42333/,"Roofing, siding, and insulation material merchant wholesalers"
42511/,Business to business electronic markets
32614/,Polystyrene foam product manufacturing
311911,Roasted nuts and peanut butter manufacturing
339944,Carbon paper and inked ribbon manufacturing
45121/,Book stores and news dealers
211111,Crude petroleum and natural gas extraction
72112/,Casino hotels
313222,Schiffli machine embroidery
5417//,Scientific research and development services
311421,Fruit and vegetable canning
326121,Unlaminated plastics profile shape manufacturing
3112//,Grain and oilseed milling
5111//,"Newspaper, periodical, book, and directory publishers"
33635/,Motor vehicle transmission and power train parts manufacturing
3273//,Cement and concrete product manufacturing
333611,Turbine and turbine generator set units manufacturing
5413//,"Architectural, engineering, and related services"
115116,Farm management services
3352//,Household appliance manufacturing
54169/,Other scientific and technical consulting services
311712,Fresh and frozen seafood processing
424///,"Merchant wholesalers, nondurable goods"
52392/,Portfolio management
62411/,Child and youth services
332721,Precision turned product manufacturing
4541//,Electronic shopping and mail-order houses
45391/,Pet and pet supplies stores
32592/,Explosives manufacturing
33511/,Electric lamp bulb and part manufacturing
81211/,"Hair, nail, and skin care services"
32742/,Gypsum product manufacturing
44611/,Pharmacies and drug stores
443111,Household appliance stores
331112,Electrometallurgical ferroalloy product manufacturing
311511,Fluid milk manufacturing
339912,Silverware and hollowware manufacturing
42349/,Other professional equipment and supplies merchant wholesalers
332811,Metal heat treating
99----,Industries not classified
54183/,Media buying agencies
541614,"Process, physical distribution, and logistics consulting services"
31123/,Breakfast cereal manufacturing
53111/,Lessors of residential buildings and dwellings
311313,Beet sugar manufacturing
315223,Men's and boys' cut and sew shirt (except work shirt) manufacturing
54194/,Veterinary services
322215,Nonfolding sanitary food container manufacturing
42345/,"Medical, dental, and hospital equipment and supplies merchant wholesalers"
611511,Cosmetology and barber schools
32511/,Petrochemical manufacturing
44523/,Fruit and vegetable markets
32629/,Other rubber product manufacturing
624229,Other community housing services
6212//,Offices of dentists
485999,All other transit and ground passenger transportation
562213,Solid waste combustors and incinerators
48----,Transportation and warehousing
3351//,Electric lighting equipment manufacturing
2123//,Nonmetallic mineral mining and quarrying
115///,Support activities for agriculture and forestry
327112,"Vitreous china, fine earthenware, and other pottery product manufacturing"
115115,Farm labor contractors and crew leaders
23822/,"Plumbing, heating, and air-conditioning contractors"
31212/,Breweries
236///,Construction of buildings
813311,Human rights organizations
323118,"Blankbook, looseleaf binders, and devices manufacturing"
327213,Glass container manufacturing
524298,All other insurance related activities
53131/,Real estate property managers
49319/,Other warehousing and storage
621399,Offices of all other miscellaneous health practitioners
327121,Brick and structural clay tile manufacturing
2213//,"Water, sewage and other systems"
44719/,Other gasoline stations
323112,Commercial flexographic printing
3221//,"Pulp, paper, and paperboard mills"
311919,Other snack food manufacturing
721214,Recreational and vacation camps (except campgrounds)
3259//,Other chemical product and preparation manufacturing
213111,Drilling oil and gas wells
4883//,Support activities for water transportation
52599/,Other financial vehicles
62141/,Family planning centers
3366//,Ship and boat building
4851//,Urban transit systems
53229/,Other consumer goods rental
33392/,Material handling equipment manufacturing
331491,"Nonferrous metal, except Cu and Al, shaping"
32211/,Pulp mills
327331,Concrete block and brick manufacturing
4872//,"Scenic and sightseeing transportation, water"
524113,Direct life insurance carriers
322233,"Stationery, tablet, and related product manufacturing"
7132//,Gambling industries
315999,Other apparel accessories and other apparel manufacturing
323121,Tradebinding and related work
54132/,Landscape architectural services
81399/,"Other similar organizations (except business, professional, labor, and political organizations)"
334112,Computer storage device manufacturing
541921,"Photography studios, portrait"
23621/,Industrial building construction
551114,"Corporate, subsidiary, and regional managing offices"
4862//,Pipeline transportation of natural gas
23813/,Framing contractors
3313//,Alumina and aluminum production and processing
3327//,"Machine shops; turned product; and screw, nut, and bolt manufacturing"
52413/,Reinsurance carriers
71321/,Casinos (except casino hotels)
32616/,Plastics bottle manufacturing
333999,All other miscellaneous general purpose machinery manufacturing
325412,Pharmaceutical preparation manufacturing
1142//,Hunting and trapping
811411,Home and garden equipment repair and maintenance
442///,Furniture and home furnishings stores
332992,Small arms ammunition manufacturing
311941,"Mayonnaise, dressing, and other prepared sauce manufacturing"
31133/,Confectionery manufacturing from purchased chocolate
4831//,"Deep sea, coastal, and great lakes water transportation"
541214,Payroll services
52421/,Insurance agencies and brokerages
56152/,Tour operators
113///,Forestry and logging
311312,Cane sugar refining
48531/,Taxi service
313241,Weft knit fabric mills
336412,Aircraft engine and engine parts manufacturing
44529/,Other specialty food stores
511///,Publishing industries (except Internet)
6114//,Business schools and computer and management training
336322,Other motor vehicle electrical and electronic equipment manufacturing
4237//,"Hardware, plumbing and heating equipment and supplies merchant wholesalers"
712///,"Museums, historical sites, and similar institutions"
336321,Vehicular lighting equipment manufacturing
314991,"Rope, cordage, and twine mills"
311822,Flour mixes and dough manufacturing from purchased flour
721211,RV (recreational vehicle) parks and campgrounds
311222,Soybean processing
53241/,"Construction, transportation, mining, and forestry machinery and equipment rental and leasing"
31182/,"Cookie, cracker, and pasta manufacturing"
3365//,Railroad rolling stock manufacturing
337214,Office furniture (except wood) manufacturing
315222,"Men's and boys' cut and sew suit, coat, and overcoat manufacturing"
332212,Hand and edge tool manufacturing
523///,"Securities, commodity contracts, and other financial investments and related activities"
4512//,"Book, periodical, and music stores"
52313/,Commodity contracts dealing
49313/,Farm product warehousing and storage
335999,All other miscellaneous electrical equipment and component manufacturing
321///,Wood product manufacturing
32791/,Abrasive product manufacturing
42312/,Motor vehicle supplies and new parts merchant wholesalers
561491,Repossession services
7222//,Limited-service eating places
443///,Electronics and appliance stores
331315,"Aluminum sheet, plate, and foil manufacturing"
42449/,Other grocery and related products merchant wholesalers
333613,Mechanical power transmission equipment manufacturing
42481/,Beer and ale merchant wholesalers
624221,Temporary shelters
81232/,Drycleaning and laundry services (except coin-operated)
337///,Furniture and related product manufacturing
54185/,Display advertising
42371/,Hardware merchant wholesalers
323115,Digital printing
811219,Other electronic and precision equipment repair and maintenance
333312,"Commercial laundry, drycleaning, and pressing machine manufacturing"
2389//,Other specialty trade contractors
325992,"Photographic film, paper, plate, and chemical manufacturing"
315232,Women's and girls' cut and sew blouse and shirt manufacturing
33271/,Machine shops
42382/,Farm and garden machinery and equipment merchant wholesalers
213113,Support activities for coal mining
336212,Truck trailer manufacturing
2122//,Metal ore mining
334417,Electronic connector manufacturing
711212,Racetracks
56171/,Exterminating and pest control services
32512/,Industrial gas manufacturing
52232/,"Financial transactions processing, reserve, and clearinghouse activities"
311225,Fats and oils refining and blending
5621//,Waste collection
52231/,Mortgage and nonmortgage loan brokers
7223//,Special food services
33141/,Nonferrous metal (except aluminum) smelting and refining
423///,"Merchant wholesalers, durable goods"
33637/,Motor vehicle metal stamping
53139/,Other activities related to real estate
52412/,"Direct insurance (except life, health, and medical) carriers"
21----,"Mining, quarrying, and oil and gas extraction"
213112,Support activities for oil and gas operations
486///,Pipeline transportation
5174//,Satellite telecommunications
8139//,"Business, professional, labor, political, and similar organizations"
114///,"Fishing, hunting and trapping"
5221//,Depository credit intermediation
483///,Water transportation
------,Total for all sectors
81143/,Footwear and leather goods repair
332323,Ornamental and architectural metal work manufacturing
23811/,Poured concrete foundation and structure contractors
312111,Soft drink manufacturing
339913,Jewelers' material and lapidary work manufacturing
623///,Nursing and residential care facilities
621999,All other miscellaneous ambulatory health care services
54181/,Advertising agencies
212///,Mining (except oil and gas)
4511//,"Sporting goods, hobby, and musical instrument stores"
323119,Other commercial printing
4481//,Clothing stores
333111,Farm machinery and equipment manufacturing
49311/,General warehousing and storage
331111,Iron and steel mills
42461/,Plastics materials and basic forms and shapes merchant wholesalers
327212,Other pressed and blown glass and glassware manufacturing
322224,Uncoated paper and multiwall bag manufacturing
44112/,Used car dealers
315292,Fur and leather apparel manufacturing
4441//,Building material and supplies dealers
332321,Metal window and door manufacturing
51112/,Periodical publishers
56151/,Travel agencies
5611//,Office administrative services
33792/,Blind and shade manufacturing
52411/,"Direct life, health, and medical insurance carriers"
5313//,Activities related to real estate
31411/,Carpet and rug mills
311611,Animal (except poultry) slaughtering
7113//,"Promoters of performing arts, sports, and similar events"
31529/,Other cut and sew apparel manufacturing
4241//,Paper and paper product merchant wholesalers
332618,Other fabricated wire product manufacturing
721191,Bed-and-breakfast inns
42469/,Other chemical and allied products merchant wholesalers
323117,Books printing
622///,Hospitals
8131//,Religious organizations
452112,Discount department stores
54137/,Surveying and mapping (except geophysical) services
337129,"Wood television, radio, and sewing machine cabinet manufacturing"
23891/,Site preparation contractors
33611/,Automobile and light duty motor vehicle manufacturing
326291,Rubber product manufacturing for mechanical use
313312,Textile and fabric finishing (except broadwoven fabric) mills
42374/,Refrigeration equipment and supplies merchant wholesalers
21222/,Gold ore and silver ore mining
23----,Construction
312113,Ice manufacturing
51213/,Motion picture and video exhibition
812332,Industrial launderers
212319,Other crushed and broken stone mining and quarrying
331311,Alumina refining
4452//,Specialty food stores
53132/,Offices of real estate appraisers
33993/,"Doll, toy, and game manufacturing"
42448/,Fresh fruit and vegetable merchant wholesalers
321219,Reconstituted wood product manufacturing
522294,Secondary market financing
517///,Telecommunications
5617//,Services to buildings and dwellings
333922,Conveyor and conveying equipment manufacturing
811118,Other automotive mechanical and electrical repair and maintenance
333131,Mining machinery and equipment manufacturing
339911,Jewelry (except costume) manufacturing
42343/,Computer and computer peripheral equipment and software merchant wholesalers
31141/,Frozen food manufacturing
81393/,Labor unions and similar labor organizations
316214,Women's footwear (except athletic) manufacturing
33992/,Sporting and athletic goods manufacturing
515112,Radio stations
42512/,Wholesale trade agents and brokers
62132/,Offices of optometrists
325193,Ethyl alcohol manufacturing
311821,Cookie and cracker manufacturing
813212,Voluntary health organizations
339941,Pen and mechanical pencil manufacturing
32419/,Other petroleum and coal products manufacturing
71399/,All other amusement and recreation industries
56192/,Convention and trade show organizers
51219/,Postproduction services and other motion picture and video industries
333293,Printing machinery and equipment manufacturing
561492,Court reporting and stenotype services
446191,Food (health) supplement stores
6219//,Other ambulatory health care services
31321/,Broadwoven fabric mills
332994,Small arms manufacturing
3369//,Other transportation equipment manufacturing
325411,Medicinal and botanical manufacturing
42412/,Stationery and office supplies merchant wholesalers
51911/,News syndicates
811213,Communication equipment repair and maintenance
4248//,"Beer, wine, and distilled alcoholic beverage merchant wholesalers"
4852//,Interurban and rural bus transportation
5152//,Cable and other subscription programming
333993,Packaging machinery manufacturing
42445/,Confectionery merchant wholesalers
71----,"Arts, entertainment, and recreation"
33312/,Construction machinery manufacturing
23831/,Drywall and insulation contractors
333514,"Special die and tool, die set, jig, and fixture manufacturing"
56145/,Credit bureaus
238///,Specialty trade contractors
32599/,All other chemical product and preparation manufacturing
3131//,"Fiber, yarn, and thread mills"
325192,Cyclic crude and intermediate manufacturing
541213,Tax preparation services
56299/,All other waste management services
1141//,Fishing
336611,Ship building and repairing
1151//,Support activities for crop production
44419/,Other building material dealers
333924,"Industrial truck, tractor, trailer, and stacker machinery manufacturing"
23814/,Masonry contractors
322222,Coated and laminated paper manufacturing
324191,Petroleum lubricating oil and grease manufacturing
114111,Finfish fishing
81131/,Commercial machinery repair and maintenance
31519/,Other apparel knitting mills
8122//,Death care services
561612,Security guards and patrol services
532112,Passenger car leasing
311213,Malt manufacturing
331521,Aluminum die-casting foundries
333298,All other industrial machinery manufacturing
51119/,Other publishers
339995,Burial casket manufacturing
8129//,Other personal services
483112,Deep sea passenger transportation
71119/,Other performing arts companies
623312,Homes for the elderly
1132//,Forest nurseries and gathering of forest products
488119,Other airport operations
212324,Kaolin and ball clay mining
53212/,"Truck, utility trailer, and RV (recreational vehicle) rental and leasing"
811121,"Automotive body, paint, and interior repair and maintenance"
2371//,Utility system construction
31181/,Bread and bakery product manufacturing
33631/,Motor vehicle gasoline engine and engine parts manufacturing
2361//,Residential building construction
31191/,Snack food manufacturing
42346/,Ophthalmic goods merchant wholesalers
484///,Truck transportation
32712/,Clay building material and refractories manufacturing
325311,Nitrogenous fertilizer manufacturing
61169/,All other schools and instruction
512///,Motion picture and sound recording industries
54----,"Professional, scientific, and technical services"
334413,Semiconductor and related device manufacturing
3399//,Other miscellaneous manufacturing
522298,All other nondepository credit intermediation
332912,Fluid power valve and hose fitting manufacturing
713///,"Amusement, gambling, and recreation industries"
327993,Mineral wool manufacturing
53119/,Lessors of other real estate property
42411/,Printing and writing paper merchant wholesalers
7115//,"Independent artists, writers, and performers"
4243//,"Apparel, piece goods, and notions merchant wholesalers"
334113,Computer terminal manufacturing
336992,"Military armored vehicle, tank, and tank component manufacturing"
42494/,Tobacco and tobacco product merchant wholesalers
3332//,Industrial machinery manufacturing
3344//,Semiconductor and other electronic component manufacturing
56179/,Other services to buildings and dwellings
61141/,Business and secretarial schools
321211,Hardwood veneer and plywood manufacturing
334220,Broadcast and wireless communications equip.
561///,Administrative and support services
52211/,Commercial banking
339///,Miscellaneous manufacturing
327999,All other miscellaneous nonmetallic mineral product manufacturing
621112,"Offices of physicians, mental health specialists"
4413//,"Automotive parts, accessories, and tire stores"
493///,Warehousing and storage
33991/,Jewelry and silverware manufacturing
3253//,"Pesticide, fertilizer, and other agricultural chemical manufacturing"
336413,Other aircraft parts and auxiliary equipment manufacturing
333912,Air and gas compressor manufacturing
4532//,"Office supplies, stationery, and gift stores"
6214//,Outpatient care centers
333291,Paper industry machinery manufacturing
31522/,Men's and boys' cut and sew apparel manufacturing
33241/,Power boiler and heat exchanger manufacturing
3363//,Motor vehicle parts manufacturing
54134/,Drafting services
314///,Textile product mills
446///,Health and personal care stores
327125,Nonclay refractory manufacturing
321113,Sawmills
32552/,Adhesive manufacturing
6231//,Nursing care facilities
2362//,Nonresidential building construction
336391,Motor vehicle air-conditioning manufacturing
31331/,Textile and fabric finishing mills
32612/,"Plastics pipe, pipe fitting, and unlaminated profile shape manufacturing"
114112,Shellfish fishing
322121,Paper (except newsprint) mills
324///,Petroleum and coal products manufacturing
333516,Rolling mill machinery and equipment manufacturing
22133/,Steam and air-conditioning supply
33152/,Nonferrous metal foundries
4921//,Couriers and express delivery services
71393/,Marinas
315191,Outerwear knitting mills
81141/,Home and garden equipment and appliance repair and maintenance
334415,Electronic resistor manufacturing
42413/,Industrial and personal service paper merchant wholesalers
314911,Textile bag mills
331312,Primary aluminum production
54189/,Other services related to advertising
33451/,Electronic instrument manufacturing
325222,Noncellulosic organic fiber manufacturing
311211,Flour milling
517911,Telecommunications resellers
6215//,Medical and diagnostic laboratories
621391,Offices of podiatrists
316211,Rubber and plastics footwear manufacturing
3222//,Converted paper product manufacturing
4881//,Support activities for air transportation
212313,Crushed and broken granite mining and quarrying
52239/,Other activities related to credit intermediation
311813,"Frozen cakes, pies, and other pastries manufacturing"
42321/,Furniture merchant wholesalers
334613,Magnetic and optical recording media manufacturing
333618,Other engine equipment manufacturing
48811/,Airport operations
5311//,Lessors of real estate
71111/,Theater companies and dinner theaters
327113,Porcelain electrical supply manufacturing
6244//,Child day care services
621///,Ambulatory health care services
33612/,Heavy duty truck manufacturing
451///,"Sporting goods, hobby, book, and music stores"
71219/,Nature parks and other similar institutions
48699/,All other pipeline transportation
33391/,Pump and compressor manufacturing
33521/,Small electrical appliance manufacturing
32191/,Millwork
333311,Automatic vending machine manufacturing
212234,Copper ore and nickel ore mining
445299,All other specialty food stores
33122/,Rolling and drawing of purchased steel
337121,Upholstered household furniture manufacturing
447///,Gasoline stations
3379//,Other furniture related product manufacturing
812112,Beauty salons
31151/,Dairy product (except frozen) manufacturing
32412/,"Asphalt paving, roofing, and saturated materials manufacturing"
33639/,Other motor vehicle parts manufacturing
339114,Dental equipment and supplies manufacturing
72----,Accommodation and food services
332995,Other ordnance and accessories manufacturing
42381/,Construction and mining (except oil well) machinery and equipment merchant wholesalers
6232//,"Residential mental retardation, mental health and substance abuse facilities"
326///,Plastics and rubber products manufacturing
314121,Curtain and drapery mills
611512,Flight training
336999,All other transportation equipment manufacturing
56199/,All other support services
311823,Dry pasta manufacturing
51912/,Libraries and archives
621491,HMO medical centers
54111/,Offices of lawyers
4482//,Shoe stores
5622//,Waste treatment and disposal
7221//,Full-service restaurants
314992,Tire cord and tire fabric mills
3371//,Household and institutional furniture and kitchen cabinet manufacturing
452///,General merchandise stores
45114/,Musical instrument and supplies stores
237///,Heavy and civil engineering construction
332214,"Kitchen utensil, pot, and pan manufacturing"
33429/,Other communications equipment manufacturing
621512,Diagnostic imaging centers
325211,Plastics material and resin manufacturing
337211,Wood office furniture manufacturing
33232/,Ornamental and architectural metal products manufacturing
62422/,Community housing services
5416//,"Management, scientific, and technical consulting services"
42471/,Petroleum bulk stations and terminals
71213/,Zoos and botanical gardens
4533//,Used merchandise stores
5322//,Consumer goods rental
44311/,"Appliance, television, and other electronics stores"
33421/,Telephone apparatus manufacturing
33593/,Wiring device manufacturing
611691,Exam preparation and tutoring
315211,Men's and boys' cut and sew apparel contractors
334514,Totalizing fluid meter and counting device manufacturing
522291,Consumer lending
488///,Support activities for transportation
48532/,Limousine service
813211,Grantmaking foundations
313249,Other knit fabric and lace mills
221112,Fossil fuel electric power generation
332311,Prefabricated metal building and component manufacturing
54142/,Industrial design services
81221/,Funeral homes and funeral services
332312,Fabricated structural metal manufacturing
334418,Printed circuit assembly (electronic assembly) manufacturing
562111,Solid waste collection
6211//,Offices of physicians
4239//,Miscellaneous durable goods merchant wholesalers
42493/,"Flower, nursery stock, and florists' supplies merchant wholesalers"
52311/,Investment banking and securities dealing
2211//,"Electric power generation, transmission and distribution"
327211,Flat glass manufacturing
326191,Plastics plumbing fixture manufacturing
62412/,Services for the elderly and persons with disabilities
42452/,Livestock merchant wholesalers
3339//,Other general purpose machinery manufacturing
5412//,"Accounting, tax preparation, bookkeeping, and payroll services"
324122,Asphalt shingle and coating materials manufacturing
71312/,Amusement arcades
325611,Soap and other detergent manufacturing
3362//,Motor vehicle body and trailer manufacturing
7112//,Spectator sports
3159//,Apparel accessories and other apparel manufacturing
336112,Light truck and utility vehicle manufacturing
33599/,All other electrical equipment and component manufacturing
33711/,Wood kitchen cabinet and countertop manufacturing
7111//,Performing arts companies
3364//,Aerospace product and parts manufacturing
8113//,Commercial and industrial machinery and equipment (except automotive and electronic) repair and maintenance
316991,Luggage manufacturing
48819/,Other support activities for air transportation
322299,All other converted paper product manufacturing
42322/,Home furnishing merchant wholesalers
4421//,Furniture stores
32562/,Toilet preparation manufacturing
315291,Infants' cut and sew apparel manufacturing
44812/,Women's clothing stores
7114//,"Agents and managers for artists, athletes, entertainers, and other public figures"
48412/,"General freight trucking, long-distance"
221113,Nuclear electric power generation
5419//,"Other professional, scientific, and technical services"
53----,Real estate and rental and leasing
337125,Household furniture (except wood and metal) manufacturing
334///,Computer and electronic product manufacturing
52221/,Credit card issuing
332919,Other metal valve and pipe fitting manufacturing
331221,Rolled steel shape manufacturing
325///,Chemical manufacturing
213///,Support activities for mining
5614//,Business support services
326112,Plastics packaging film and sheet (including laminated) manufacturing
32229/,Other converted paper product manufacturing
331513,Steel foundries (except investment)
311223,Other oilseed processing
524292,Third party administration of insurance and pension funds
42434/,Footwear merchant wholesalers
52222/,Sales financing
481///,Air transportation
61142/,Computer training
315231,"Women's and girls' cut and sew lingerie, loungewear, and nightwear manufacturing"
45122/,"Prerecorded tape, compact disc, and record stores"
3261//,Plastics product manufacturing
454319,Other fuel dealers
336415,Guided missile and space vehicle propulsion unit and propulsion unit parts manufacturing
7224//,Drinking places (alcoholic beverages)
54119/,Other legal services
3314//,Nonferrous metal (except aluminum) production and processing
332117,Powder metallurgy part manufacturing
323122,Prepress services
442291,Window treatment stores
71391/,Golf courses and country clubs
42386/,Transportation equipment and supplies (except motor vehicle) merchant wholesalers
339115,Ophthalmic goods manufacturing
42313/,Tire and tube merchant wholesalers
6222//,Psychiatric and substance abuse hospitals
313311,Broadwoven fabric finishing mills
71311/,Amusement and theme parks
44----,Retail trade
31491/,Textile bag and canvas mills
44422/,"Nursery, garden center, and farm supply stores"
45291/,Warehouse clubs and supercenters
31511/,Hosiery and sock mills
331422,Copper wire (except mechanical) drawing
4885//,Freight transportation arrangement
62133/,Offices of mental health practitioners (except physicians)
335121,Residential electric lighting fixture manufacturing
212312,Crushed and broken limestone mining and quarrying
512131,Motion picture theaters (except drive-ins)
4861//,Pipeline transportation of crude oil
316219,Other footwear manufacturing
45299/,All other general merchandise stores
811192,Car washes
812113,Nail salons
5121//,Motion picture and video industries
8121//,Personal care services
311423,Dried and dehydrated food manufacturing
334511,"Search, detection, navigation, guidance, aeronautical, and nautical system and instrument manufacturing"
31499/,All other textile product mills
23834/,Tile and terrazzo contractors
333314,Optical instrument and lens manufacturing
32551/,Paint and coating manufacturing
333294,Food product machinery manufacturing
32622/,Rubber and plastics hoses and belting manufacturing
311119,Other animal food manufacturing
3391//,Medical equipment and supplies manufacturing
3122//,Tobacco manufacturing
541612,Human resources consulting services
54182/,Public relations agencies
54191/,Marketing research and public opinion polling
52314/,Commodity contracts brokerage
339993,"Fastener, button, needle, and pin manufacturing"
55----,Management of companies and enterprises
44815/,Clothing accessories stores
444///,Building material and garden equipment and supplies dealers
42472/,Petroleum and petroleum products merchant wholesalers (except bulk stations and terminals)
212325,Clay and ceramic and refractory minerals mining
32312/,Support activities for printing
221111,Hydroelectric power generation
4884//,Support activities for road transportation
31214/,Distilleries
71329/,Other gambling industries
61----,Educational services
8134//,Civic and social organizations
81111/,Automotive mechanical and electrical repair and maintenance
3311//,Iron and steel mills and ferroalloy manufacturing
335122,"Commercial, industrial, and institutional electric lighting fixture manufacturing"
312221,Cigarette manufacturing
722212,"Cafeterias, grill buffets, and buffets"
331524,Aluminum foundries (except die-casting)
812///,Personal and laundry services
71211/,Museums
331222,Steel wire drawing
3121//,Beverage manufacturing
42451/,Grain and field bean merchant wholesalers
337215,"Showcase, partition, shelving, and locker manufacturing"
23713/,Power and communication line and related structures construction
48421/,Used household and office goods moving
44131/,Automotive parts and accessories stores
61143/,Professional and management development training
32213/,Paperboard mills
441222,Boat dealers
311111,Dog and cat food manufacturing
7131//,Amusement parks and arcades
443112,"Radio, television, and other electronics stores"
7213//,Rooming and boarding houses
81394/,Political organizations
3119//,Other food manufacturing
81----,Other services (except public administration)
33512/,Lighting fixture manufacturing
5414//,Specialized design services
33633/,Motor vehicle steering and suspension components (except spring) manufacturing
44421/,Outdoor power equipment stores
211112,Natural gas liquid extraction
3117//,Seafood product preparation and packaging
325991,Custom compounding of purchased resins
42361/,"Electrical apparatus and equipment, wiring supplies, and related equipment merchant wholesalers"
811198,All other automotive repair and maintenance
3211//,Sawmills and wood preservation
4245//,Farm product raw material merchant wholesalers
335222,Household refrigerator and home freezer manufacturing
321991,Manufactured home (mobile home) manufacturing
313///,Textile mills
316992,Women's handbag and purse manufacturing
325181,Alkalies and chlorine manufacturing
453998,All other miscellaneous store retailers (except tobacco stores)
541191,Title abstract and settlement offices
311422,Specialty canning
339942,Lead pencil and art good manufacturing
51----,Information
311412,Frozen specialty food manufacturing
4543//,Direct selling establishments
33322/,Plastics and rubber industry machinery manufacturing
81142/,Reupholstery and furniture repair
511191,Greeting card publishers
531312,Nonresidential property managers
42352/,Coal and other mineral and ore merchant wholesalers
62139/,Offices of all other health practitioners
33329/,Other industrial machinery manufacturing
532411,"Commercial air, rail, and water transportation equipment rental and leasing"
33272/,"Turned product and screw, nut, and bolt manufacturing"
52219/,Other depository credit intermediation
561311,Employment placement agencies
71394/,Fitness and recreational sports centers
62321/,Residential mental retardation facilities
23833/,Flooring contractors
325188,All other basic inorganic chemical manufacturing
337127,Institutional furniture manufacturing
44521/,Meat markets
4235//,Metal and mineral (except petroleum) merchant wholesalers
32311/,Printing
44132/,Tire dealers
484121,"General freight trucking, long-distance, truckload"
313112,"Yarn texturizing, throwing, and twisting mills"
4841//,General freight trucking
811191,Automotive oil change and lubrication shops
327123,Other structural clay product manufacturing
3334//,"Ventilation, heating, air-conditioning, and commercial refrigeration equipment manufacturing"
44819/,Other clothing stores
3361//,Motor vehicle manufacturing
335311,"Power, distribution, and specialty transformer manufacturing"
62421/,Community food services
56172/,Janitorial services
336111,Automobile manufacturing
315233,Women's and girls' cut and sew dress manufacturing
44832/,Luggage and leather goods stores
333515,Cutting tool and machine tool accessory manufacturing
42344/,Other commercial equipment merchant wholesalers
51111/,Newspaper publishers
212222,Silver ore mining
336312,Gasoline engine and engine parts manufacturing
562211,Hazardous waste treatment and disposal
331492,"Secondary smelting, refining, and alloying of nonferrous metal (except copper and aluminum)"
56291/,Remediation services
4539//,Other miscellaneous store retailers
23622/,Commercial and institutional building construction
48831/,Port and harbor operations
541613,Marketing consulting services
115111,Cotton ginning
3335//,Metalworking machinery manufacturing
336311,"Carburetor, piston, piston ring, and valve manufacturing"
451212,News dealers and newsstands
541922,Commercial photography
42444/,Poultry and poultry product merchant wholesalers
42314/,Motor vehicle parts (used) merchant wholesalers
331511,Iron foundries
454111,Electronic shopping
51224/,Sound recording studios
312///,Beverage and tobacco product manufacturing
561622,Locksmiths
48411/,"General freight trucking, local"
561591,Convention and visitors bureaus
453991,Tobacco stores
42441/,General line grocery merchant wholesalers
333512,Machine tool (metal cutting types) manufacturing
31152/,Ice cream and frozen dessert manufacturing
3343//,Audio and video equipment manufacturing
337124,Metal household furniture manufacturing
332996,Fabricated pipe and pipe fitting manufacturing
327332,Concrete pipe manufacturing
448///,Clothing and clothing accessories stores
1152//,Support activities for animal production
811212,Computer and office machine repair and maintenance
334119,Other computer peripheral equipment manufacturing
322225,Laminated aluminum foil manufacturing for flexible packaging uses
327991,Cut stone and stone product manufacturing
311991,Perishable prepared food manufacturing
5122//,Sound recording industries
32591/,Printing ink manufacturing
515///,Broadcasting (except Internet)
72233/,Mobile food services
5312//,Offices of real estate agents and brokers
313113,Thread mills
4238//,"Machinery, equipment, and supplies merchant wholesalers"
3323//,Architectural and structural metals manufacturing
522292,Real estate credit
315993,Men's and boys' neckwear manufacturing
339994,"Broom, brush, and mop manufacturing"
3255//,"Paint, coating, and adhesive manufacturing"
5182//,"Data processing, hosting, and related services"
451211,Book stores
54149/,Other specialized design services
325182,Carbon black manufacturing
33321/,Sawmill and woodworking machinery manufacturing
51223/,Music publishers
211///,Oil and gas extraction
81299/,All other personal services
44122/,"Motorcycle, boat, and other motor vehicle dealers"
334111,Electronic computer manufacturing
3345//,"Navigational, measuring, electromedical, and control instruments manufacturing"
23711/,Water and sewer line and related structures construction
21229/,Other metal ore mining
611692,Automobile driving schools
321918,Other millwork (including flooring)
45431/,Fuel dealers
621991,Blood and organ banks
11----,"Agriculture, forestry, fishing and hunting"
326192,Resilient floor covering manufacturing
339943,Marking device manufacturing
2383//,Building finishing contractors
332431,Metal can manufacturing
8132//,Grantmaking and giving services
333911,Pump and pumping equipment manufacturing
221122,Electric power distribution
532292,Recreational goods rental
5179//,Other telecommunications
4871//,"Scenic and sightseeing transportation, land"
42332/,"Brick, stone, and related construction material merchant wholesalers"
6216//,Home health care services
322231,Die-cut paper and paperboard office supplies manufacturing
33149/,"Nonferrous metal (except copper and aluminum) rolling, drawing, extruding, and alloying"
335///,"Electrical equipment, appliance, and component manufacturing"
332997,Industrial pattern manufacturing
517919,All other telecommunications
81219/,Other personal care services
722///,Food services and drinking places
62134/,"Offices of physical, occupational and speech therapists, and audiologists"
332999,All other miscellaneous fabricated metal product manufacturing
621498,All other outpatient care centers
56174/,Carpet and upholstery cleaning services
326122,Plastics pipe and pipe fitting manufacturing
5241//,Insurance carriers
326111,Plastics bag and pouch manufacturing
325612,Polish and other sanitation good manufacturing
42495/,"Paint, varnish, and supplies merchant wholesalers"
8123//,Drycleaning and laundry services
4451//,Grocery stores
811113,Automotive transmission repair
335911,Storage battery manufacturing
333513,Machine tool (metal forming types) manufacturing
3333//,Commercial and service industry machinery manufacturing
3329//,Other fabricated metal product manufacturing
315111,Sheer hosiery mills
541618,Other management consulting services
31521/,Cut and sew apparel contractors
561422,Telemarketing bureaus and other contact centers
522///,Credit intermediation and related activities
3328//,"Coating, engraving, heat treating, and allied activities"
541611,Administrative management and general management consulting services
324121,Asphalt paving mixture and block manufacturing
485113,Bus and other motor vehicle transit systems
22112/,"Electric power transmission, control, and distribution"
446199,All other health and personal care stores
721///,Accommodation
4812//,Nonscheduled air transportation
7211//,Traveler accommodation
512199,Other motion picture and video industries
31213/,Wineries
44412/,Paint and wallpaper stores
541712,"Research and development in the physical, engineering, and life sciences (except biotechnology)"
331528,Other nonferrous foundries (except die-casting)
335212,Household vacuum cleaner manufacturing
3326//,Spring and wire product manufacturing
42339/,Other construction material merchant wholesalers
481219,Other nonscheduled air transportation
56142/,Telephone call centers
51919/,All other information services
212311,Dimension stone mining and quarrying
4842//,Specialized freight trucking
3169//,Other leather and allied product manufacturing
33291/,Metal valve manufacturing
61163/,Language schools
541513,Computer facilities management services
339116,Dental laboratories
51221/,Record production
31222/,Tobacco product manufacturing
525///,"Funds, trusts, and other financial vehicles"
332993,Ammunition (except small arms) manufacturing
42492/,"Book, periodical, and newspaper merchant wholesalers"
21231/,Stone mining and quarrying
42459/,Other farm product raw material merchant wholesalers
52312/,Securities brokerage
4889//,Other support activities for transportation
54131/,Architectural services
425///,Wholesale electronic markets and agents and brokers
541199,All other legal services
334414,Electronic capacitor manufacturing
334512,"Automatic environmental control manufacturing for residential, commercial, and appliance use"
54187/,Advertising material distribution services
335313,Switchgear and switchboard apparatus manufacturing
332911,Industrial valve manufacturing
6111//,Elementary and secondary schools
45439/,Other direct selling establishments
4231//,Motor vehicle and motor vehicle parts and supplies merchant wholesalers
333412,Industrial and commercial fan and blower manufacturing
62----,Health care and social assistance
45392/,Art dealers
533///,Lessors of nonfinancial intangible assets (except copyrighted works)
31----,Manufacturing
332///,Fabricated metal product manufacturing
332115,Crown and closure manufacturing
483211,Inland water freight transportation
45112/,"Hobby, toy, and game stores"
44831/,Jewelry stores
336399,All other motor vehicle parts manufacturing
5616//,Investigation and security services
541512,Computer systems design services
327///,Nonmetallic mineral product manufacturing
33791/,Mattress manufacturing
441221,"Motorcycle, ATV, and personal watercraft dealers"
5222//,Nondepository credit intermediation
54138/,Testing laboratories
